week,date,rank,skater,trick,line,switch,slowmo,ig,replayed,slam,NY,obstacle,obstacledetail,location,notes,points
1,1/8/2021,10,Dylan Clark,Nollie inward heelflip to firecracker,,1,1,,,,1,Gap,Over barrier,Max Palmer Park,,1
1,1/8/2021,9,Hugo Corbin,Nose manual to nose manual to nose manual to nose manual to nollie kickflip,,,,,,,,Pad,,,Combo,2
1,1/8/2021,8,Axel Lindquist,360flip,1,,1,,1,,,gap,Flat gap,,,3
1,1/8/2021,7,Ryan Townley,Bs nosebluntslide,,,,,,,,ledge,Ledge to drop,,,4
1,1/8/2021,6,Charlie Munro,Switch fs crooked to bs 5-0 to fakie,,1,1,,1,,,ledge,,Milano Centrale,,5
1,1/8/2021,5,Billy McFeely,Fs lipslide,,,,1,1,,1,hubba,Up hubba,Flushing Fountain,,6
1,1/8/2021,4,Troy Gipson,Bs 360 ollie kickflip,,,,,1,,,stairs,,,,7
1,1/8/2021,3,Josef Scott Jatta,Switch ollie,1,1,,,,,,gap,Over rail,,,8
1,1/8/2021,2,Junior,Fs 50-50,,,1,,1,,,handrail,,Hollywood High,,9
1,1/8/2021,1,Simon Hallberg,Fs 180 to switch bs crooked to fs half cab,,,1,,1,,,Flat rail,Curved rail,,,10
2,1/15/2021,10,Jack Bartoluccii,Bs wallie to bs wallride,,,1,,1,,,wall,Wallride down stairs,,,1
2,1/15/2021,9,Thomas Dritsas,360flip,,,1,,,,,gap,Over trash can,,Over 3 barrels,2
2,1/15/2021,8,Heitor Da Silva,Fakie ollie to fakie manual,1,,,,,,,pad,,,,3
2,1/15/2021,7,Olli Lilja,Bs 180 to switch bs 5-0,,,1,,,1,,hubba,,,,4
2,1/15/2021,6,Dakota Overbaugh,Fs sugarcane,,,1,,1,,,ledge,Gap to ledge into bank,,,5
2,1/15/2021,5,Hosea Peeters,Bs 360 ollie,,,,,,,,Stairs,,,,6
2,1/15/2021,4,Tony Gomez,Fs 50-50,,,1,,1,1,,ledge,Curved bench,,"Incorrect name, corrected",7
2,1/15/2021,3,Lucien Genand,Bs wallride,,,1,,,,,wall,,,,8
2,1/15/2021,2,Brian O’Dwyer,Ride-on fakie fs crooked to fakie kickflip,,,1,,,,,ledge,,,,9
2,1/15/2021,1,Jake Sanso,Pressure flip,,,1,,,,,gap,Big drop,,,10
3,1/22/2021,10,Nika Washington,360flip,,,,1,,,,stairs,,,Woman,1
3,1/22/2021,9,Dustin Henry,Switch bs tailslide to transfer kickflip,,1,,1,,,,curb,,,,2
3,1/22/2021,8,David Jakinda,Nollie hardflip,1,1,1,,1,,,flat,Into bank,,,3
3,1/22/2021,7,Taizo Mukk,Switch bs heelflip,1,,,,1,,,flat,,,6 trick line,4
3,1/22/2021,6,Hart Pullman,Pole jam 50-50 to fs 50-50,,,,,,,,Flat rail,Pole to flat rail to into bank,,polejam,5
3,1/22/2021,5,Roman Lisivka,Bs shove to nose manual to nollie varial flip,,,,,,,,Pad,,,,6
3,1/22/2021,4,Brian Powderly,Nose manual,1,,,,,,,Pad,,,,7
3,1/22/2021,3,Casper Brooker,Bs bluntslide to kickflip,,,,1,,,,ledge,Out ledge,,,8
3,1/22/2021,2,Aidan Olmstead,Bs boardslide to fakie,,,,,,,,ledge,Ledge to flat rail,,,9
3,1/22/2021,1,Flo Mirtain,Kickflip bs bluntslide,,,1,,1,,,ledge,,Hotel de Ville,,10
4,1/29/2021,10,Connor Noll,Bs wallride to kickflip,1,,1,,,,,wall,,,5 trick line,1
4,1/29/2021,9,Ben Lawrie,Bs noseslide to nollie bs noseslide,,,1,,,,,ledge,Ledge to ledge,,Combo,2
4,1/29/2021,8,Johan Bergljung,Fakie bs 5-0 to fs half cab,1,,,,1,,,ledge,,,5 trick line,3
4,1/29/2021,7,Nora Vasconcellos,Bs bigspin to disaster,1,,1,,,,,transition,Concrete park,,,4
4,1/29/2021,6,Rowan Davis,Bs 180 to switch bs 5-0 to switch bs 180,1,,,,,,,ledge,Out ledge,,,5
4,1/29/2021,5,Tyler Hannah,Fs tailslide to fs 360 kickflip,,,1,,1,,1,ledge,Out ledge,Pyramid Ledges,,6
4,1/29/2021,4,Shareef Grady,Switch fs 180,1,1,,,,,,stairs,,SF Hills,,7
4,1/29/2021,3,Tommy Bjork,Ollie to 360flip,,,1,,1,,,Pad,,,Quick footed,8
4,1/29/2021,2,Roman Lisivka,Fakie fs 5-0 to fakie varial flip,1,,,,1,,,ledge,,,Triple replay,9
4,1/29/2021,1,Henry Gartland,ollie,,,,,1,,,gap,Launch ramp,Dime Glory 2018,In Memoriam,10
5,2/5/2021,10,Adam Zhu,Fakie fs 5-0 to fakie kickflip,,,,1,,,,ledge,,,Inside skateshop,1
5,2/5/2021,9,Garett Young,Kickflip bs crooked,1,,,,,,,ledge,Out ledge,,5 trick line,2
5,2/5/2021,8,Chris Athans,kickflip,1,,,,,,,flat,Into bank,SF Hills,,3
5,2/5/2021,7,Layth Sami,hardflip,1,,,,,,,stairs,,,4 hardflip line,4
5,2/5/2021,6,Avi Malina,Fs heelflip,,,,,1,,,gap,Over rail into bank,,,5
5,2/5/2021,5,Alex Tennison,Fs 50-50 to fs 50-50,1,,,,,,,ledge,Ledge to ledge,,,6
5,2/5/2021,4,O’Connor Nelson,Drop in,,,,,1,1,,bank,Drop in,Construction debris,Crazy obstacle,7
5,2/5/2021,3,Terrill Jefferson,Bs nosebluntslide,,,,,1,,,handrail,,,,8
5,2/5/2021,2,Antonio Durao,Switch Fs bluntslide to fakie,,1,,,,,1,ledge,,Flushing Fountain,,9
5,2/5/2021,1,Korahn Gayle,Bs tailslide,,,1,,1,,,ledge,Out ledge,,Through the corner,10
6,2/12/2021,10,Kader Sylla,Bs smith to fs 180,1,,,,,,,ledge,,,,1
6,2/12/2021,9,Jason Nam,Bs nosebluntslide,,,1,,,,,ledge,,,,2
6,2/12/2021,8,Jahmir Brown,Bs tailslide,1,,,1,,,,ledge,,,5 trick line,3
6,2/12/2021,7,Chris Athans,impossible,1,,,,,,,gap,Flat gap,,5 trick line,4
6,2/12/2021,6,Athen McCrary,Indy grab,,,,,,,,gap,Over rail into bank,SF Hills,,5
6,2/12/2021,5,Tyler Dietterich,hardflip,,,,,1,,,gap,Over rail into bank,,,6
6,2/12/2021,4,Austin Heilman,Roll on 50-50,,,1,,,,,Flat rail,,,Crazy obstacle,7
6,2/12/2021,3,Bjarne Tjotta,Fs noseslide to nollie bs shove,,,,,,,,ledge,,,,8
6,2/12/2021,2,Ayahiro Uratsuka,Bs 50-50,,,,1,,,,Flat rail,,,Crazy obstacle,9
6,2/12/2021,1,Gabriel Bjorsvik,360flip,,,,,,,,gap,Over rail into bank,,,10
7,2/19/2021,10,Heitor Da Silva,kickflip,,,,,,,,gap,Over bench,,Quick footed,1
7,2/19/2021,9,Anthony Gordon,Fs crooked to fakie,,,,,1,,1,ledge,,,,2
7,2/19/2021,8,Shane Farber,Drop in to roll on bs 50-50,,,,,,,,ledge,,,Crazy obstacle,3
7,2/19/2021,7,Jay Richards,Bs 360 ollie kickflip,,,1,,1,,,stairs,,,,4
7,2/19/2021,6,Joey O’Brien,Fs heelflip,1,,,,,1,,gap,Flat gap,,,5
7,2/19/2021,5,Maurio McCoy,Fs nosebluntslide to nollie kickflip,,,,,1,,,ledge,Curved ledge,,,6
7,2/19/2021,4,Antonio Durao,Switch wallie 360flip,1,1,1,,,,1,gap,Wallie to gap,,,7
7,2/19/2021,3,Sean Powderly,Nollie heelflip,,1,,1,,,,stairs,,,7 nollie heelflips line,8
7,2/19/2021,2,Connor Kammerer,Wallie fs bigspin heelflip,,,,,,,1,wall,Wallie to gap,Blubba,,9
7,2/19/2021,1,Emmanuel Guzman,Tail drop kickflip,,,,,1,1,,bank,Into bank,,,10
8,2/26/2021,10,Tyler Bledsoe,Bs half cab kickflip to fs 50-50,,,,1,1,,,curb,Gap to curb,,Self filmed,1
8,2/26/2021,9,Ishod Wair,Ollie to noseblunt stall to drop in,,,,,1,,,transition,Pool,,,2
8,2/26/2021,8,Glen Fox,Bs 180,1,,,,,,,gap,,,,3
8,2/26/2021,7,Kyle Nicholson,Fs kickflip,1,,,1,,,,gap,Over wall,,,4
8,2/26/2021,6,Max Wheeler,Bs nosegrind,,,1,,1,,,transition,Street quarter,LA City Hall,,5
8,2/26/2021,5,Victor Campillo,Ollie to manual to fs wallride,,,,,,,,stairs,Stairs to pad to wall,,Combo,6
8,2/26/2021,4,Bear Myles,Ride-on bs nosebluntslide to bs 360 revert,1,,,1,,,,curb,,,,7
8,2/26/2021,3,Jordan Queijo,Impossible to nose manual to nollie,,,,,,,,pad,,,Combo,8
8,2/26/2021,2,Eetu Toropainen,Bs smith to bs 180 to switch manual to switch fs 180,,,1,,,1,,ledge,Ledge to pad,,,9
8,2/26/2021,1,Jaakko Ojanen,Fakie ollie to switch fs crooked,1,,1,,1,,,ledge,,,Quick footed,10
9,3/5/2021,10,Karim Callender,Bs smith,,,1,1,1,,,ledge,Gap to ledge,,,1
9,3/5/2021,9,Yaje Popson,Bs nosebluntslide to fakie,1,,,,,,1,ledge,,Museum of Natural History,,2
9,3/5/2021,8,Nik Stain,Nose manual to nollie,,,,1,,,,pad,Pad to gap to bank,,,3
9,3/5/2021,7,Deric Esparza,Bs 5-0 to bs wallride,,,,,1,,,ledge,Ledge to wall,,,4
9,3/5/2021,6,Billy McFeely,Switch kickflip fs noseslide,,1,,,,,1,ledge,Out ledge,Pyramid Ledges,,5
9,3/5/2021,5,Carlos Ribeiro,switch kickflip,1,1,,1,1,,,flat,Onto ledge,,Quadruple replay,6
9,3/5/2021,4,Brian Scherer,Roll on bs 50-50 to ollie,1,,,,,,,hubba,Ledge to gap,,,7
9,3/5/2021,3,Stafhon Boca,ollie,,,1,1,,,,stairs,Over chain,,Near hangup,8
9,3/5/2021,2,Brandon Westgate,360flip,,,1,,1,,,gap,Onto loading dock,,,9
9,3/5/2021,1,Antonio Durao,Switch 180 to switch fs 5-0,1,1,,,,,1,ledge,,,5 trick line,10
10,3/12/2021,10,Hoshito Tamura,heelflip,,,1,1,1,,,gap,Curb cut,,,1
10,3/12/2021,9,Kevin Taylor,Bs tailslide to bs shove,,,,,,,,ledge,,,,2
10,3/12/2021,8,Maite Steenhoudt,Bs caballerial revert wallride,1,,,,1,,,wall,Transition to wall,Indoor skatepark,Woman,3
10,3/12/2021,7,Lucien Clarke,Nollie fs heelflip,1,1,,,1,,,flat,,,Triple replay,4
10,3/12/2021,6,Darius Trabalza,Switch 360flip,1,1,,,,,,stairs,,,6 trick line,5
10,3/12/2021,5,Rory Milanes,Switch Fs bluntslide,,1,,,,,,ledge,Out ledge,,,6
10,3/12/2021,4,Alex Berggren,Bs 50-50,1,,,,1,,,handrail,,,,7
10,3/12/2021,3,Charlie Birch,Fs 50-50,,,,,,,,ledge,Out ledge,,,8
10,3/12/2021,2,Jamie Foy,Switch fs crooked,,1,,1,,,,ledge,Out ledge,,Rewound,9
10,3/12/2021,1,Kyle Wilson,Nollie bs heelflip,1,1,,,,,,gap,Big drop,,,10
11,3/19/2021,10,Madars Apse,Nose stall to nollie fs 180,,,1,,1,,,ledge,On hydrant,,,1
11,3/19/2021,9,Ville Wester,Fakie 360flip,1,,,1,1,,,flat,Over barrier,Outdoor TF,,2
11,3/19/2021,8,Guy Mariano,Fakie ollie to switch fs noseslide transfer,1,,,1,,,,ledge,,,,3
11,3/19/2021,7,Vova Pavlov,Bs feeble to bs crooked,,,,,,,,ledge,Curved ledge,,,4
11,3/19/2021,6,Aldana Bertran,Fakie bs heelflip,1,,,1,,,,gap,,,Woman,5
11,3/19/2021,5,Maikol Morales,Ollie,1,,,1,,,,gap,,,,6
11,3/19/2021,4,Alexis Lacroix,360flip,,,1,1,1,,,flat,,On Ice,Crazy obstacle,7
11,3/19/2021,3,Jordan Queijo,Bs 180 to fakie manual to bs caballerial to switch manual to switch fs 180,,,1,,,,,pad,Pad to pad,,Combo,8
11,3/19/2021,2,Hyun Kummer,kickflip,1,,1,1,,,,gap,Big drop,,,9
11,3/19/2021,1,Magnus Bordewick,Fakie 360flip,,,1,,,,,Stairs,Up stairs,,,10
12,3/26/2021,10,Alexis Sablone,Fakie heelflip,1,,,1,1,,,flat,,,Woman,1
12,3/26/2021,9,Lucien Genand,Bs 5-0,1,,,,,,,ledge,Gap to ledge,,,2
12,3/26/2021,8,Zach Moore,Bs 50-50 to bs 270 ollie kickflip,,,1,,,,1,ledge,Ledge to bank,Lispenard step to skrell,,3
12,3/26/2021,7,Jeremy Murray,Switch bs noseslide to nollie kicklfip to fakie,,1,,,,,,ledge,,,,4
12,3/26/2021,6,Bobby Worrest,Kickflip to manual to fs 180,1,,,,,,,pad,,Milano Centrale,6 trick line,5
12,3/26/2021,5,Alexey Krasniy,Slappy fs nosegrind,,,1,,,,,hubba,,,,6
12,3/26/2021,4,Sebastianaa Vijebeber,bumpnjump,,,1,,1,,,stairs,Up stairs,,,7
12,3/26/2021,3,Louie Lopez,Bs nosegrind to transfer,,,1,,,,,ledge,,,,8
12,3/26/2021,2,Jack O’Grady,Bs 50-50 to ollie to bs 50-50,,,1,,1,,,handrail,Handrail to handrail,,Aka bs Silas Grind,9
12,3/26/2021,1,Tenzin,Nollie rick flip,1,1,,1,1,,1,gap,Launch ramp,Outdoor TF,,10
13,4/2/2021,10,Stafhon Boca,Heelflip to manual,1,,,,1,,,pad,,,,1
13,4/2/2021,9,Taylor Nawrocki,bumpnjump to nollie kickflip,,1,1,,,,1,hip,street hip,,NY?,2
13,4/2/2021,8,Mark Del Negro,Switch inward heelflip,,1,,,1,,,flat,,,,3
13,4/2/2021,7,Bastien Salabanzi,Varial kickflip to bs crooked,,,,,1,,,ledge,,,,4
13,4/2/2021,6,Kai Hillebrand,Fs boardslide to fakie,1,,,,,,,ledge,Curved ledge,,,5
13,4/2/2021,5,Joscha Bonez Aicher,Bs shove to nose manual to nollie front shove,,,1,,,,,pad,Pad to stairs,,,6
13,4/2/2021,4,Ben Samuels,Fs 50-50 to bs kickflip,,,,1,,,,Flat rail,,,,7
13,4/2/2021,3,Jamal Smith,Switch Fs lipslide to bs revert,,1,,,1,,,transition,Street quarter,Afro Banks,,8
13,4/2/2021,2,Austin Kanfoush,kickflip,1,,1,,1,,,gap,Into bank,SF Hills,,9
13,4/2/2021,1,Billy Lukins,Fs varial heelflip,,,1,,1,,,Stairs,Up stairs,,,10
14,4/9/2021,10,Dane Barker,Bs crooked,,,,,1,,,ledge,Gap to ledge,,,1
14,4/9/2021,9,Kris Brown,Bs kickflip,,,,,,,,gap,Bump over bar,,,2
14,4/9/2021,8,Dick Rizzo,Roll on fs bluntslide,,,,,,,,hubba,,,,3
14,4/9/2021,7,Efron,Heelflip to fs 5-0,1,,,,,,,ledge,,Muni,,4
14,4/9/2021,6,Josh Wilson,kickflip,1,,,,,,,Stairs,Up stairs,,Quick footed,5
14,4/9/2021,5,Mátyás Ricsi,ollie,,,,,,,,gap,,,Crazy obstacle,6
14,4/9/2021,4,Bobby DeKeyzer,Fakie bs 5-0 to fs half cab kickflip,1,,,,1,,,ledge,,,,7
14,4/9/2021,3,Brian O’Dwyer,Bs wallride,,,1,,1,,,Wall,,,,8
14,4/9/2021,2,Justin Henry,Wallie to bs noseslide,,,1,,1,,,ledge,Gap to ledge into bank,,,9
14,4/9/2021,1,Tyshawn Jones,hardflip,,,1,1,,,,flat,Over trash can,,,10
15,4/16/2021,10,Max Wasungu,Bs tailslide,1,,,1,,,,ledge,,In a fountain,Crazy obstacle,1
15,4/16/2021,9,Ishod Wair,Bs kickflip,1,,,1,1,,,Stairs,,,Triple replay,2
15,4/16/2021,8,Tooth,Slappy fs 50-50 to varial heelflip,,,,1,1,,,curb,,,,3
15,4/16/2021,7,Jay Richards,Fs kickflip,,,1,,,,,gap,Over rail,,,4
15,4/16/2021,6,Rob Taro,Drop in to fs 50-50,,,,,,,,Flat rail,Into bank,,,5
15,4/16/2021,5,Etienne Gagne,Nollie bs bigspin to bs nosebluntslide,,1,,,,,1,ledge,Banked ledge,Con Ed Banks,,6
15,4/16/2021,4,Dustin Henry,Bs 50-50 to bs wallie,,,,,,,,ledge,Ledge to wall,,,7
15,4/16/2021,3,Patrick Praman,Bs nosebluntslide,,,1,,,,,ledge,Gap to hubba,FL Triangle,,8
15,4/16/2021,2,Dashawn Jordan,Fs kickflip,,,1,,1,,,Stairs,Up stairs,,,9
15,4/16/2021,1,Braden Hoban,Fs 50-50,,,,,,,,Flat rail,Curved rail,Round and Round,Crazy obstacle,10
16,4/23/2021,10,Chris Oliver,Roll on bs tailslide to bs kickflip,,,,1,,,,Ledge,Curved ledge,,,1
16,4/23/2021,9,Rezza Honarvar,Hardflip,1,,1,,1,,,Stairs,,,,2
16,4/23/2021,8,Nick Stansfield,Roll-on Fs 50-50 to kickflip fs noseslide,,,1,1,1,,,Ledge,Curb to ledge,,,3
16,4/23/2021,7,Caleb McNeely,Ollie to fs wallride,,,1,,,,,Wall,Gap to wall,,,4
16,4/23/2021,6,Elijah Odom,Ollie to bs boardslide,,,,,1,,,ledge,Gap to ledge,,,5
16,4/23/2021,5,John Gardner,Bs 5-0,,,1,,,1,,ledge,,,,6
16,4/23/2021,4,Eddie Cernicky,Bs big flip,,,,,,,,gap,,,,7
16,4/23/2021,3,Keegan McCutchen,Fs wallride to bs shove to fakie,,,,,,,,wall,Bank to wall,,,8
16,4/23/2021,2,Mike Anderson,Switch wallride to bs crooked,,1,1,,1,,,ledge,Wall to ledge,,,9
16,4/23/2021,1,Jacopo Carozzi,Nollie fs kickflip to switch fs nosegrind to fs 180,1,,,,,,,ledge,,Milano Centrale,,10
17,4/30/2021,10,Patrick Rogalski,Wallie to bs nosebluntslide,,,,1,,,,ledge,Wall to banked ledge,,,1
17,4/30/2021,9,John Shanahan,Nollie fs heelflip to fs revert,,,,1,1,,,transition,Fly out,Outdoor skatepark,,2
17,4/30/2021,8,Noah Lora,Bs 360 ollie,,,1,,,,,gap,Into bank,,Quick footed,3
17,4/30/2021,7,Fred Plocque Santos,Nollie kickflip to switch bs 50-50,,1,1,,,,,bank,Flat bank to curb,,,4
17,4/30/2021,6,Lucien Clarke,Nollie varial heelflip,1,1,,,1,,,Stairs,,,,5
17,4/30/2021,5,Jorge Simoes,bs nosegrind,,,,,,,,ledge,Launch to ledge,,On dumpster,6
17,4/30/2021,4,Samuel Norgren,Wallie bs 180,1,,,,,,,wall,Wall to gap,,,7
17,4/30/2021,3,Rowan Davis,Switch fs noseslide to bs shove,1,1,,,,,,Ledge,,,,8
17,4/30/2021,2,Smiler,Switch ollie to fakie manual,,1,1,,,1,,Pad,Pad to bank,,,9
17,4/30/2021,1,Daniel Ledermann,Bs kickflip,,,,,1,,,Stairs,,,,10
18,5/7/2021,10,Daniel Kim,Hardflip,,,1,,1,,1,gap,,,,1
18,5/7/2021,9,Oliver Durou,Nollie bs 180 to switch fs crooked,1,1,1,,,,,ledge,,,,2
18,5/7/2021,8,Ron Parker,Hippie jump 360flip,,,,,1,,,flat,,,,3
18,5/7/2021,7,Dave Engerer,Fs crooked,,,1,,1,,,handrail,Rail to gap,,Triple replay,4
18,5/7/2021,6,Eric Clark,Fs boardslide to fs boardslide to fakie bs nosegrind,,,,,1,,,handrail,Handrail to ledge,,,5
18,5/7/2021,5,Mason Coletti,Bs wallie,1,,,,,,,wall,On tree,,,6
18,5/7/2021,4,Jack Kirk,Bs tailslide to bs heelflip,1,,,,,,,Ledge,,,,7
18,5/7/2021,3,Jonathan Pierce,Bs shove,1,,,,1,,,gap,,,Quick footed,8
18,5/7/2021,2,Victor Campillo,heelflip,1,,1,,,,,gap,Street gap,,,9
18,5/7/2021,1,Kevin Shealy,Bs 50-50 to bs kickflip,,,,,,,,ledge,,,,10
19,5/14/2021,10,Justin Grzechowiak,Kickflip to bs nosegrind to nollie bs 180,,,,,1,,,ledge,,,,1
19,5/14/2021,9,Beatrice Domond,Bs shove to fs 50-50 to fs shove,,,,,,,,ledge,,Milano Centrale,Woman,2
19,5/14/2021,8,Ruben Spelta,Switch ollie to fakie manual to fakie impossible,,1,,,,,,pad,,,,3
19,5/14/2021,7,Seven Strong,Switch heelflip,,1,1,,1,,,gap,,Milano Centrale,,4
19,5/14/2021,6,Johnny Cumaoglu,Switch kickflip,,1,,,,,,gap,Over rail,,,5
19,5/14/2021,5,Brayan Albarenga,Bs noseslide to nollie kickflip,1,,,,,,,ledge,Ledge to gap,,,6
19,5/14/2021,4,Caleb Barnett,Nollie fs 180 to switch bs crooked,,1,1,,,,,handrail,,Milano Centrale,,7
19,5/14/2021,3,Tyshawn Jones,ollie,1,,,,,,,flat,Over trash can,Milano Centrale,,8
19,5/14/2021,2,Cyrus Bennett,Bs tailslide to bs kickflip,,,,,,,1,hubba,Up hubba,Flushing Fountain,,9
19,5/14/2021,1,Kader Sylla,kickflip,1,,1,,,,,gap,,,Quick footed,10
20,5/21/2021,10,Lucas Puig,Slappy bs crooked to nollie inward heelflip,,,,1,,,,curb,,,,1
20,5/21/2021,9,Bear Myles,Fs shove,1,,,,1,,,gap,,,Quick footed,2
20,5/21/2021,8,Ayahiro Uratsuka,360flip,,,,,1,,,flat,Into bank,,,3
20,5/21/2021,7,Rinku Konishi,nosebonk,1,,,,1,,,ledge,Gap to ledge,,,4
20,5/21/2021,6,JP Villa,Nollie ns 180 to fakie 5-0 to fakie bs shove,,1,,,1,,,ledge,,,,5
20,5/21/2021,5,Mika Germond,Drop in to bs boardslide,,,1,,1,,,handrail,,,Triple replay,6
20,5/21/2021,4,Noah Mehieu,Fs 50-50 to bs bluntslide,,,,,,,,handrail,Handrail to ledge,,,7
20,5/21/2021,3,Quentin Boillon,Hippie jump,,,,1,1,,,stairs,Over rail,,,8
20,5/21/2021,2,Leo Cholet,Nollie kickflip,1,1,1,,1,,,stairs,,Le Dome,,9
20,5/21/2021,1,Jake Wooten,Fs 360 ollie blunt to fakie,,,1,,1,,,transition,Concrete park,Burnside,,10
21,5/28/2021,10,Gunes Özdogan,Bs half cab to bs nosegrind to fakie,1,,,,,,,Ledge,,,,1
21,5/28/2021,9,Rob Maatman,Bs boardslide to transfer,,,1,,1,,,ledge,,,Crazy obstacle,2
21,5/28/2021,8,Brian Reid,Fs half cab heelflip,1,,,,1,,,flat,Into bank,,,3
21,5/28/2021,7,Ishod Wair,Fs kickflip,,,1,,1,,,stairs,Over rail,,,4
21,5/28/2021,6,Fred Antigene,Switch hardflip,1,1,,1,,,,stairs,,,,5
21,5/28/2021,5,Jaïr Gravenberch,Bs smith to kickflip,1,,1,,1,,,ledge,,,,6
21,5/28/2021,4,Myles Underwood,360flip,1,,,,,,,gap,Off egg,Eggs Boston,Quick footed,7
21,5/28/2021,3,Christian Henry,Wallie to bs feeble,,,,,,,,Hubba,Wall to hubba,,,8
21,5/28/2021,2,Thomas Dritsas,Fakie big flip,,,,,1,,,Stairs,Over rail,,,9
21,5/28/2021,1,Paul Rodriguez,Switch kickflip to switch bs tailslide to switch heelflip,,1,1,,,,,Ledge,,,,10
22,6/4/2021,10,Karl Watson,Nose manual to fs 360 revert,1,,1,1,1,,,Pad,,,,1
22,6/4/2021,9,Kyle Wilson,Switch bs tailslide,1,1,,,1,,,ledge,,,,2
22,6/4/2021,8,Antonio Durao,Switch fs kickflip,1,1,,,,,1,flat,Over bench,,,3
22,6/4/2021,7,Hugo Boserup,Bs boardslide,1,,,,,,,handrail,Curved rail,,,4
22,6/4/2021,6,Myquel Haddox,kickflip,1,,,,1,,,gap,,,,5
22,6/4/2021,5,Oski,Roll on bs 50-50,,,,,,,,handrail,Curved rail,LA City Hall,,6
22,6/4/2021,4,Blake Carpenter,Switch bs 360,,1,1,,1,,,gap,Bump over bar,,,7
22,6/4/2021,3,Rahzel,Bs wallride,1,,,,,,,wall,,Pulaski Park,Crazy obstacle,8
22,6/4/2021,2,Grant Taylor,Bs shifty ollie,1,,,,,,,gap,,,5 trick line,9
22,6/4/2021,1,Tyshawn Jones,Switch ollie,,1,,1,,,1,flat,Over barrier,,,10
23,6/11/2021,10,Harry Lintell,Bs nosegrind to transfer,,,1,,,,,Flat rail,Into bank,,On tree trunk,1
23,6/11/2021,9,Lucas Languasco,Ollie to fs 50-50,,,1,,,,,curb,Gap to curb,,,2
23,6/11/2021,8,Nika Washington,Nollie heelflip,1,1,,,,,,flat,Into bank,,woman,3
23,6/11/2021,7,Aiden Chabiron,nosebonk,1,,1,,,,,gap,,,,4
23,6/11/2021,6,Jack Olsen,Switch fs boardslide to normal,,1,,,,,,Flat rail,,,,5
23,6/11/2021,5,Isn Cepeda,Fakie heelflip,1,,,,1,,,flat,,,,6
23,6/11/2021,4,Reese Barton,Bs wallie to bs 50-50,,,,,,,,Flat rail,Wall to gap to rail to bank,,,7
23,6/11/2021,3,Spencer Hamilton,Fs half cab kickflip,,,,,1,,,Stairs,Over rail,,,8
23,6/11/2021,2,Ryan Thompson,Nollie bs 180,,1,1,,1,,,gap,Over barrier,,,9
23,6/11/2021,1,Ishod Wair,Fakie ollie to switch bs crooked,1,,,,1,,,ledge,,,Triple replay & 6 trick line,10
24,6/18/2021,10,Tom Penny,Switch fs kickflip,,1,1,,,,,Stairs,,,,1
24,6/18/2021,9,Patrick Zentgraf,Switch heelflip,,1,,,,,,Stairs,,,,2
24,6/18/2021,8,Tania Cruz,Bs bluntslide to fs 180,,,,,1,,,Ledge,Banked ledge,,Woman,3
24,6/18/2021,7,Dubann Machuca,Fs crooked to fakie,,,,,,,,Flat rail,Bank to rail,,,4
24,6/18/2021,6,Nick Rainey,Bs 50-50 to bs 360,,,,,,,,Flat rail,,,,5
24,6/18/2021,5,Rinku Konishi,Alley oop fs 360 wallride,1,,,1,,,,Wall,,,,6
24,6/18/2021,4,Pedro Roseiro,Bs noseslide transfer,,,,,,,,Flat rail,Into bank,,,7
24,6/18/2021,3,Brad Cromer,Bs half cab kickflip,,,,,,,,gap,Over rail,,,8
24,6/18/2021,2,Tyshawn Jones,ollie,,,,1,1,1,1,gap,Over car hood,,,9
24,6/18/2021,1,Brian Reid,Kickflip bs nosebluntslide,,,1,,1,,,ledge,Gap to ledge,,,10
25,6/25/2021,10,Marek Zaprazny,Nollie inward heelflip to fs crooked to fakie,1,1,,,,,,ledge,,Hotel de Ville,,1
25,6/25/2021,9,Enrique Lorenzo,Fakie bs shove to body varial to bs nosegrind to bs revert`,,,1,,1,,,ledge,,Barcelona Sants,,2
25,6/25/2021,8,Aaron Loreth,Switch 360flip,,1,,1,,,,hip,,Outdoor skatepark,,3
25,6/25/2021,7,Kevin White,360flip to nose manual,,,,,,,,pad,Gap to pad,,,4
25,6/25/2021,6,Evon Martinez,Fs boardslide to fakie to switch bs 50-50 to switch fs 180,,,1,,,,,ledge,Rail to ledge,,,5
25,6/25/2021,5,Eetu Toropainen,Hippie jump to hippie jump,1,,,,,,,bank,Into bank,,Quick footed,6
25,6/25/2021,4,Vinicius Costa,Bs crooked to fakie,,,,,1,,,ledge,,,Crazy obstacle,7
25,6/25/2021,3,Giorgi Balkhamishvili,Switch inward heelflip bigspin,,,1,,1,,,Stairs,,Berlin Polish spot,Triple replay,8
25,6/25/2021,2,Ike Fromme,Cabellerial kickflip,,,,,1,,,hip,,Outdoor skatepark,,9
25,6/25/2021,1,Chris Athans,kickflip,1,,,,,,,stairs,,SF Hills,5 trick line,10
26,7/2/2021,10,Victor Campillo,Bs 180 to switch bs 5-0 to switch bs 180,1,,,,1,,,ledge,,,,1
26,7/2/2021,9,Justin Sommer,360flip,1,,1,,1,,,flat,,,Triple replay,2
26,7/2/2021,8,Jordan Queijo,Switch bs tailslide to switch bs 270 out,,1,,,,1,,ledge,,,,3
26,7/2/2021,7,Corey Glick,Bs lipslide,1,,,,,,,Hubba,,,Quick footed,4
26,7/2/2021,6,Casper Brooker,Bs smith to manual to bs 180,,,,1,,,,ledge,Ledge to pad to gap,South bank,Combo,5
26,7/2/2021,5,Mason Coletti,Bs wallie,1,,,,,,,wall,Wall to gap,,,6
26,7/2/2021,4,Dylan Witkin,Bs boardslide,1,,1,,,,,handrail,,,,7
26,7/2/2021,3,Yuto Horigome,Fs tailslide to fakie,1,,,,,,,handrail,,,,8
26,7/2/2021,2,Julian Lewis,Fs 50-50 to bs 50-50,,,,,,,,handrail,Flat rail to handrail,,90 degree kink,9
26,7/2/2021,1,Joey O’Brien,Bs 180 to switch fs 5-0,1,,,,,,,ledge,,Muni,Double lines for #1,10
27,7/9/2021,10,Gilbert Crockett,Kickflip to bs nosegrind,,,,1,,,,transition,miniramp,,,1
27,7/9/2021,9,Hugo Corbin,Bs noseslide to bs 50-50,1,,,,,,,ledge,Ledge to curb,,Quick footed,2
27,7/9/2021,8,Agata Halikowska,Bs 5-0,,,,,,1,,ledge,Ledge to drop,,Woman,3
27,7/9/2021,7,Brian Reid,Nollie inward heelflip,,1,1,,1,,,gap,Bump over bar,,,4
27,7/9/2021,6,Sean Evans,Fs bluntslide transfer,,,,,,,,handrail,,,,5
27,7/9/2021,5,Justin Anderson,Fs crooked to nollie bs kicklfip,,,1,,1,,1,ledge,,Ledge over grate,Triple replay,6
27,7/9/2021,4,Jirka Hronek,360flip to fs 50-50,,,,,1,,,Hubba,,Stalin Plaza,,7
27,7/9/2021,3,Alexis Ramirez,Switch fs noseslide to normal,,1,1,,1,,,handrail,,,,8
27,7/9/2021,2,Will Mazzari,Fakie kickflip to switch bs noseblunt,,,1,,1,,,ledge,,Eggs Boston,,9
27,7/9/2021,1,Frankie Spears,Bs nosebluntslide to bs 180,,,,,,,1,ledge,,Flushing Fountain,Real Street part,10
28,7/16/2021,10,Max Palmer,Fs noseslide to nollie bs 270,,,,1,,,1,ledge,sphere,,Crazy obstacle,1
28,7/16/2021,9,Herbert Brown,Bs heelflip to fakie manual,1,,1,,1,,,pad,,,,2
28,7/16/2021,8,Quentin Boillon,Ollie backside body varial,1,,,,,,,gap,Kicker to kicker,,,3
28,7/16/2021,7,Davis Sarvey,Drop in to ollie,,,,,,,,gap,,,,4
28,7/16/2021,6,Riley Boland,Switch fs wallride to switch nosegrind,,1,,,,,,ledge,Banked ledge,,,5
28,7/16/2021,5,Elrido Boccacci,Switch 360flip,1,,,,,,,Stairs,,,,6
28,7/16/2021,4,Deedz,Manual to bs nosegrind to bs revert,,,,1,,,,pad,Pad to ledge,,,7
28,7/16/2021,3,Hjalte Halberg,Bs shove to fs crooked,,,,1,1,,,ledge,,Jarmers,Triple replay,8
28,7/16/2021,2,Zane Timpson,Wallie to bs hurricane,,,,,,,,hubba,,,,9
28,7/16/2021,1,Lukas Bigun,Bs tailslide to fakie,,,,,,,,hubba,,,,10
29,7/23/2021,10,Kellen James,Switch fs shove to switch fs crooked to transfer,,1,,,1,,,curb, ,,,1
29,7/23/2021,9,Silas Baxter-Neal,Fs nosebluntslide,1,,,,,,,ledge,,,,2
29,7/23/2021,8,Tanner Burzinski,switch ollie,1,1,,,,,,gap,over rail into bank,,quick footed,3
29,7/23/2021,7,Brayan Albarenga,Switch manual to switch kickflip,,1,1,1,1,,1,pad,,,Triple replay,4
29,7/23/2021,6,John Shanahan,Fs 180 to fakie manual to fakie varial heelflip,,,,1,,,1,pad,,,,5
29,7/23/2021,5,Drake Johnson,Bs noseslide to nose manual to nollie fs shove,,,,1,,,,ledge,ledge to pad,,,6
29,7/23/2021,4,Tolya Titaev,Fs nosebluntslide to fs tailslide,,,1,,,,1,ledge,,Museum of Natural History,,7
29,7/23/2021,3,David Gonzales,Fs 5050 to fs 180,,,,1,,,,handrail,,,,8
29,7/23/2021,2,Ben Kadow,Fs 5050 to ollie,,1,, ,1,,1,ledge,ledge to gap,,,9
29,7/23/2021,1,Andre Beverley,Kickflip to fs nosegrind,,,,,,,1,handrail,,Columbus Park,,10
30,7/30/2021,10,Thierry Gormit,switch bs 180,1,1,,,1,,,flat,,,triple replay,1
30,7/30/2021,9,Zach Allen,Wallie,,,1,,1,,1,wall,wall to gap,,,2
30,7/30/2021,8,Victor Campillo,Bs shove to manual to bs 180,,,,,,,,pad,,,combo,3
30,7/30/2021,7,Herman Stene,bs tailslide to bs 270,,,,1,,,,ledge,curved ledge,,,4
30,7/30/2021,6,Mark Suciu,Bs tailslide to fs shove,1,,,,,,1,ledge,,Museum of Natural History,,5
30,7/30/2021,5,Kevin Ozcan,Switch 360flip,1,1,,1,,,,gap,launch,,,6
30,7/30/2021,4,Chris Athans,Switch fs 180 to manual,1,1,,,,,,pad,pad to flat,SF Hills,5 trick line,7
30,7/30/2021,3,Dustin Eggeling,Nollie bs heelflip,,,,1,,,1,gap,bump over bar,Tompkins TF,in rain,8
30,7/30/2021,2,John Dilo,switch fs 5-0 to switch kickflip,,1,1,,,,1,ledge,out ledge,Zuccoti,,9
30,7/30/2021,1,Jesse Boudreau,Fs lipslide,,,,,,1,,handrail,into bank,,,10
31,8/6/2021,10,Mark Humienik,Bs noseslide,,,,,1,,1,ledge,out ledge,,,1
31,8/6/2021,9,Tom Belot,bs 180 to Switch bs 5050,1,,,,,,,ledge,out ledge,,,2
31,8/6/2021,8,Karsten Kleppan,ride on Bs nosegrind,1,,,1,,,1,flat rail,ride on,,,3
31,8/6/2021,7,TJ Rogers,Bs 360 ollie,1,,,,,,,gap,gap,,,4
31,8/6/2021,6,Thierry Gormit,switch heelflip,,1,,1,1,,,flat,flat gap,,,5
31,8/6/2021,5,Elijah Odom,Half cab kickflip,,,,1,,1,1,flat,over bench,,,6
31,8/6/2021,4,Yuri Facchini,Varial kickflip,,,1,,1,,,stairs,,,,7
31,8/6/2021,3,Harry Lintell,Pole jam to bs 360 ollie,,,1,,,,,flat rail,street pole,,,8
31,8/6/2021,2,Carl Aikens,Nollie to fs boardslide,1,1,,,,,1,handrail,,Museum of Natural History,,9
31,8/6/2021,1,Ruben Planque,Bs 5050,,,,1,1,,,hubba,,,,10
32,8/13/2021,10,Maite Steenhoudt,nose stall to nollie fs 180,,,1,,,1,,transition,street quarter,,woman,1
32,8/13/2021,9,Rob Maatman,Fs bluntslide to bs 270,,,1,,,,,ledge,,,,2
32,8/13/2021,8,Axel Berggren,Nollie fs tailslide to fakie,1,1,,,,1,,ledge,,,,3
32,8/13/2021,7,Mark Suciu,kickflip,1,,,1,1,,,gap,over pad,Pier 7,quick footed,4
32,8/13/2021,6,Cody Chapman,Bs wallride,,,,,1,,,wall,,,,5
32,8/13/2021,5,Leonardo Favaro,Manual to ollie,1,,,,,,,pad,pad to stairs,,,6
32,8/13/2021,4,Evan Smith,Bs 360 kickflip,1,,,,,,,stairs,,,,7
32,8/13/2021,3,Ish Cepeda,Nollie fs heelflip,,1,,,1,,1,stairs,,Tekashi ten,,8
32,8/13/2021,2,Kyle Walker,Bs wallride,,,1,,1,,,wall,wall down stairs,,crazy obstacle,9
32,8/13/2021,1,Tjerk Oosting,Nose manual to nollie fs 360 kickflip,,,1,,1,,,pad,,,,10
33,8/20/2021,10,Dom Henry,Switch fs heelflip,,1,,1,,,,bank,,,,1
33,8/20/2021,9,Bear Myles,Bs shove to nose manual to fs nosegrind to bs 180,,,,1,,,,ledge,flat to ledge,,combo,2
33,8/20/2021,8,Kyle McDonald,Wallie,,,1,,1,,,gap,over rail,,crazy obstacle,3
33,8/20/2021,7,Andrea Dupree,Nollie bs kickflip,1,1,,,1,,,gap,over bin,,5 trick line,4
33,8/20/2021,6,Kevin Braun,switch kickflip,1,1,,1,,,,gap,over pad,Pier 7,,5
33,8/20/2021,5,Herman Stene,fs 180 to switch bs crook to fakie fs shove,,,,,,,,ledge,curved ledge,,,6
33,8/20/2021,4,Salar Kooshki,bs noseblunt stall,1,,,1,,,,transition,bowl,Outdoor park,,7
33,8/20/2021,3,Stepan Bares,bs noseslide to body varial to bs tailslide to bs shove,,,,,1,,,ledge,out ledge,,,8
33,8/20/2021,2,Kaue Cossa,fs bluntslide to kickflip,,,1,,,,1,ledge,,Sombrero,,9
33,8/20/2021,1,David Reyes,360flip to fs nosebluntslide,,,1,,1,,,hubba,,Clipper,,10
34,8/27/2021,10,Kyota Umeki,nollie kickflip,,1,1,1,1,,1,gap,kicker,Tompkins TF,,1
34,8/27/2021,9,Charlie Cassidy,bs lipslide,,,,,,,1,ledge,gap in gap out,,,2
34,8/27/2021,8,Amin Sharif,fs noseslide to nollie bs kickflip,,,,,,,,ledge,curved ledge,,,3
34,8/27/2021,7,Kelvinas Litvinas,fs boardslide,,,,,,,,handrail,,,,4
34,8/27/2021,6,Matt Militano,bs smith to bs tail,1,,,,,,,ledge,,Muni,,5
34,8/27/2021,5,Yuta Ishizuka,bs tailslide,,,,1,1,,,hubba,,,,6
34,8/27/2021,4,Kyonosuke Yamashita,kickflip to fs bluntslide,,,1,,1,,,handrail,,,,7
34,8/27/2021,3,Cam Barr,ollie,,,,,,,,gap,over rail,,,8
34,8/27/2021,2,Deedz,bs bluntslide,,,,1,,,,flat rail,,,,9
34,8/27/2021,1,Felipe Nunes,bs 360,,,1,,1,,,gap,,LA Hill gap,,10
35,9/3/2021,10,Karl Watson,half cab to nose manual to nollie bs 180 to fakie manual,,,,1,,,,pad,,Pier 7,combo,1
35,9/3/2021,9,Elias Kitt,ollie to kickflip,,,,,,1,1,gap,,The Nipple,,2
35,9/3/2021,8,Fabiana Delfino,bs smith stall to bs 180,1,,,,,,,transition,,LA brick volcano,woman,3
35,9/3/2021,7,Jahmir Brown,Switch bs tailslide,,1,,1,,,,ledge,banked ledge,outdoor park,,4
35,9/3/2021,6,Victor Campillo,Switch shove,1,1,,,,,,stairs,,,5 trick line,5
35,9/3/2021,5,Stephen Ostrowski,Fs 50-50,,,1,,,,,hubba,,,,6
35,9/3/2021,4,Simon Bannerot,Fs wallride,1,,,,1,1,,wall,bank to wall,,crazy obstacle,7
35,9/3/2021,3,Akobi Williams,Drop in grind,,,,,,,,hubba,,,,8
35,9/3/2021,2,John Dilo,Kickflip to nose manual,,,,1,,,,flat,flat gap,,CPH Open,9
35,9/3/2021,1,Louie Lopez,Nose bonk to nollie fs 360 shove,,,1,,,,,transition,,16th St. BART SF,,10
36,9/10/2021,10,Jahmir Brown,Switch bs nosegrind,,1,1,,1,,,ledge,,,,1
36,9/10/2021,9,Tjerk Oosting,Bs 180 to fakie manual to fakie bs 360,,,,,,,,pad,,,,2
36,9/10/2021,8,Rio Morishige,Nollie heelflip to bs nosegrind to nollie bs 180,,1,1,,1,,,ledge,,,triple replay,3
36,9/10/2021,7,Kevin Bilyeu,Ollie up to nollie fs kickflip,1,,,,,,,gap,over trash can,Muni,,4
36,9/10/2021,6,Eddie Cernicky,Ollie to hill bomb,1,,,,1,,,gap,,SF Hills,,5
36,9/10/2021,5,John Shanahan,Fakie fs 5-0 to fakie 360flip,1,,,,,,,ledge,,Chicago Ledges,,6
36,9/10/2021,4,Wilton Souza,360flip to manual to ollie,,,,,,,,pad,pad to gap,,,7
36,9/10/2021,3,Gabriel Fortunado,bs half cab kickflip,1,,,,1,,,flat,,,quadruple replay,8
36,9/10/2021,2,Brian Panebianco,Bs blunt to fakie,,,,,1,,,ledge,bank to ledge,,,9
36,9/10/2021,1,Tyler Surrey,Fakie bs 5-0 to fakie fs kickflip,1,,,,,,,ledge,,,,10
37,9/17/2021,10,Chris Milic,Fs 50-50 to nose manual to nollie,,,,,,,,hubba,hubba to pad to stairs,,combo,1
37,9/17/2021,9,Nassim Lachhab,Bs tailslide to bs kickflip,,,,,,1,,ledge,ledge to gap,,,2
37,9/17/2021,8,Ben Blundell,360flip,,,1,,1,1,,gap,over barrier,,triple replay,3
37,9/17/2021,7,Juan Virues,Bs 180,1,,,,,,,flat,over bench,,,4
37,9/17/2021,6,Kirian Stone,Wallie to nollie out to fs lipslide,,,,,1,,,wall,wall to curb to bank,,,5
37,9/17/2021,5,Pedro Attenborough,Fakie fs shove to fakie 5-0 to fakie fs shove,1,,,,1,,,ledge,,,triple replay,6
37,9/17/2021,4,Leon Chapdelaine,Bs wallride to ollie,,,,,1,,,wall,wall gap wall,,crazy obstacle,7
37,9/17/2021,3,Hugo Balek,Kickflip to fs noseslide,,,,,,,,ledge,ledge into bank,,,8
37,9/17/2021,2,Brayan Albarenga,Kickflip to bs noseslide to nollie fs shove to bs crooked,,,,,1,,,ledge,,,triple replay,9
37,9/17/2021,1,Max Wasungu,Bs nosebluntslide,,,,,,,,hubba,,,,10
38,9/24/2021,10,Leo Gutman,Nose manual,,,,,,,1,pad,pad to drop,,,1
38,9/24/2021,9,Neil Herrick,Fs 50-50,,,,,,1,,flat rail,curved rail,,,2
38,9/24/2021,8,Ville Wester,Bs bigspin to bs tailslide,,,,1,1,,,ledge,bank to ledge,outdoor park,,3
38,9/24/2021,7,Maite Steenhoudt,Bs wallride to one foot,1,,,,,,,wall,,,woman,4
38,9/24/2021,6,Roman Pabich,Bs 50-50,,,1,,1,,,hubba,,,,5
38,9/24/2021,5,Lilian Fev,360flip to fs 50-50,,,1,,1,,,ledge,,,crazy obstacle,6
38,9/24/2021,4,Kevin Long,switch fs wallride to fs 50-50,,1,,,1,,,ledge,,,,7
38,9/24/2021,3,Shintaro Hongo,switch slappy Fs noseslide to fs fakie nosegrind to normal,1,1,1,,1,,,ledge,out ledge,,,8
38,9/24/2021,2,Antonio Aiello,Kickflip to bs crooked,,,,,1,,,hubba,,,,9
38,9/24/2021,1,Figgy,Fs nosegrind,,,,,,,,hubba,wavy hubba,Abandoned Waterpark,Crazy obstacle,10
39,10/1/2021,10,Karsten Kleppan,Bs lipslide,,,,1,,,,ledge,curved ledge,Indoor skatepark,dipped,1
39,10/1/2021,9,Mattia Turco,Bs shove to fs 50-50,,,1,,1,,,ledge,,,,2
39,10/1/2021,8,Al Hodgson,Fakie kickflip,,,1,,1,,,wall,,,,3
39,10/1/2021,7,Shaun Paul,Bs noseslide,,,,,1,,,ledge,ledge to gap,,,4
39,10/1/2021,6,Mecca Jihad Mshaka-Morris,360flip,1,,,,,,,gap,,,,5
39,10/1/2021,5,Mikey Payne,Kickflip to fs 50-50,,,,1,1,,,ledge,out ledge,,,6
39,10/1/2021,4,Martino Cattaneo,bs Half cab kickflip to kelty mcbagpipe,,,,,,,,flat,,,,7
39,10/1/2021,3,Caleb Yuan,Kickflip to bs nosebluntslide,,,1,,1,,1,ledge,out ledge,times square,,8
39,10/1/2021,2,Kyle Wilson,Kickflip,,,,1,1,,,gap,,south bank,,9
39,10/1/2021,1,Jacopo Carozzi,Bs smith to bs bigflip,,,,,,,,ledge,,milano centrale,,10
40,10/8/2021,10,Joe Marchese,Bs crooked,1,,,,,,,ledge, ,bobcat,crazy obstacle,1
40,10/8/2021,9,Charlie Munro,Halfcab kickflip to ride on fs 50-50,,,,,,,,flat,into bank,,,2
40,10/8/2021,8,Carlos Ribeiro,Nollie fs heelflip to fakie manual to fakie fs 180,,1,,1,,,,pad,,,,3
40,10/8/2021,7,Tiago Lemos,Nollie bs tailslide to fakie,1,1,,1,,,1,ledge,,,iconic switch fs heelflip and fs heelflip back to back,4
40,10/8/2021,6,Jan Henrik Kongstein,Fs double grind,,,1,1,,,,handrail,,,double grind,5
40,10/8/2021,5,Keith Denley,Nollie bs 180 to switch fs 5-0,1,1,,,1,,1,ledge,,Museum of Natural History,Quadruple replay,6
40,10/8/2021,4,Tom Knox,Kickflip up to ollie up to bs nosegrind,1,,,,1,,,ledge,out ledge,,quick footed,7
40,10/8/2021,3,Mikey Santillan,360flip,1,,,,,,,gap,into bank,,quick footed,8
40,10/8/2021,2,Carl Aikens,Switch fs bluntslide,,1,1,,1,,1,ledge,out ledge,,,9
40,10/8/2021,1,John Shanahan,Fs nosegrind,,,,,,,1,ledge,curved up ledge,times square,,10
41,10/15/2021,10,Diego Todd,Kickflip,,,,,,1,,flat,into bank,dirt ride,,1
41,10/15/2021,9,Tim Janke,Bs 180 to switch bs 50-50,,,,,,,,hubba,,,,2
41,10/15/2021,8,Deedz,Fs kickflip,,,,1,,,,gap,channel,,,3
41,10/15/2021,7,Nick Michel,Ollie,,,1,,,,,gap,into bank,dirt ride,crazy obstacle,4
41,10/15/2021,6,Dustin Henry,Kickflip to fs nosegrind,,,,,1,,,ledge,curved ledge,,,5
41,10/15/2021,5,Logan Da Silva Ortiz,Nollie heelflip,,1,1,,1,,,gap,over ledge,,triple replay,6
41,10/15/2021,4,Digby Luxton,Bs bigspin to fs noseslide to fakie,,,,, ,,,ledge,out ledge,,,7
41,10/15/2021,3,Breana Geering,Switch kickflip,1,1,,,,,,stairs,,,woman,8
41,10/15/2021,2,Pedro Delfino,Ride on 50-50,,,1,,1,1,,flat rail,rail to gap,Magic Five PDX,crazy obstacle,9
41,10/15/2021,1,Chima Ferguson,switch 360flip,,1,,,1,,,stairs,over rail,Sydney,double triple replay,10
42,10/22/2021,10,Louie Lopez,Kickflip to one foot,,,1,1,1,,1,gap,bump to bump,tompkins TF,triple replay,1
42,10/22/2021,9,Coles Bailey,Kickflip to bs lipslide,,,,1,1,,1,ledge,bump to ledge,tompkins TF,,2
42,10/22/2021,8,Jake Sanso,Nose manual to nollie kickflip,,,1,,,,,pad,,,,3
42,10/22/2021,7,Austyn Gilette,360flip,1,,,,,,,gap,,,,4
42,10/22/2021,6,Brian Gonterman,Full cab to bs nosebluntslide firecracker,,,1,,1,,1,gap,into fountain,Max Palmer park,,5
42,10/22/2021,5,Jake Anderson,Fs tailslide to fs nosebluntslide,,,1,,,,,ledge,ledge to ledge,,,6
42,10/22/2021,4,Jace Detomasso,Ollie,,,1,,,,,gap,huge gap,,crazy obstacle,7
42,10/22/2021,3,Tom Botwid,Slappy to bs nosegrind to nollie inward heelflip,,,,,1,,,ledge,,,,8
42,10/22/2021,2,Trung Nguyen,Darkslide,,,1,,1,,1,flat rail,curved rail,central park?,,9
42,10/22/2021,1,Tyshawn Jones,switch heelflip,1,1,1,1,1,,1,flat,over trash can,,,10
43,10/29/2021,10,Aron Moloney,Bs 180 to fakie manual,,,1,,1,,,pad,bump to pad,,,1
43,10/29/2021,9,Derek Thor,switch wallride to Fakie 5-0 to fakie shove,,1,1,,1,,,ledge,banked ledge,,,2
43,10/29/2021,8,Issey Kumatani,Bs 180,1,,,1,,,,flat,over rail,,,3
43,10/29/2021,7,Henry Fischer,Bs crooked to nollie shove,,,,,,1,,ledge,ledge to bank,,,4
43,10/29/2021,6,Kristin Ebeling,Bs boardslide,,,,,,,,hubba,curved hubba,,woman,5
43,10/29/2021,5,Patrick Zentgraf,Nollie kickflip to bs crooked,1,1,1,,,,,ledge,,,,6
43,10/29/2021,4,Josh Velez,Bs noseslide to bs noseslide,,,,1,,,1,ledge,ledge to hubba,NY hubba to ledge thing,90 degree kink,7
43,10/29/2021,3,Kevin Vietzke,Bs kickflip to switch manual to switch fs shove,,,1,,,,,pad,,,,8
43,10/29/2021,2,Mark Suciu,Fs 270 to switch bs lipslide,,,,,,,1,ledge,bank to ledge,JFK,,9
43,10/29/2021,1,Tom Knox,Bs big flip,1,,,,,,,stairs,,,9 trick line,10
44,11/5/2021,10,TJ Rogers,Bs heelflip,1,,,1,,,,stairs,,,,1
44,11/5/2021,9,Josh Bos,Fs smith,1,,,,,,,flat rail,middle rail,,,2
44,11/5/2021,8,Eppu Vatanen,Bs tailslide to bs 270,,,,,,,,ledge,,,,3
44,11/5/2021,7,Kento Yoshioka,No comply wallie to bs 5-0,,,1,,1,,,ledge,,,,4
44,11/5/2021,6,Bobby DeKeyzer,Kickflip,,,1,,1,,,gap,bump to gap,,triple replay,5
44,11/5/2021,5,Willem van Dijk,Switch manual to switch fs heelflip,,1,,,,,,pad,,,,6
44,11/5/2021,4,Josh Bos,Fs lipslide,1,,,,,,,flat rail,bench to rail to bench,,misnamed - 2 in one week,7
44,11/5/2021,3,Matt Gottwig,Fs boardslide to bs 270,,,1,,,,,flat rail,,,,8
44,11/5/2021,2,Liam McCabe,Nollie bs heelflip,1,1,,,1,,1,stairs,,,quick footed,9
44,11/5/2021,1,Max Van Arnem,Ollie,1,,,,,,,flat,over hydrant,,very fast,10
45,11/12/2021,10,Alexis Lacroix,Switch fs 180 to manual to fs noseslide to bs 270 to manual to bs 180,,1,,1,,,,pad,pad to ledge,,combo,1
45,11/12/2021,9,Deedz,Fakie manual,,,,,,1,,pad,pad to stairs,,,2
45,11/12/2021,8,Victor Campillo,Fakie fs shove to switch bs 5-0 to switch bs 180,1,,,,,,,ledge,,,,3
45,11/12/2021,7,Evan Wasser,Half cab to wallride,,,1,,1,,,wall,gap to wall,,crazy obstacle,4
45,11/12/2021,6,Mark Suciu,360flip,1,,,,,,,gap,street gap,,,5
45,11/12/2021,5,Troy Gipson,Bs 50-50 to hippie jump,,,1,,,,,hubba,,,,6
45,11/12/2021,4,Stailly Wallaf,Kickflip,,,1,1,,,,flat,over like 20 boards,,crazy obstacle,7
45,11/12/2021,3,Frankie Decker,Bs kickflip,,,1,,1,,,stairs,over gate,,,8
45,11/12/2021,2,Tyshawn Jones,Nollie hardflip,1,1,,,,,,Stairs,up stairs,,,9
45,11/12/2021,1,Nik Stain,Bs 50-50,,,,,,,,handrail,,,,10
46,11/19/2021,10,Danny Brady,Bs tailslide to kickflip,,,1,,,,,ledge,bank to ledge,,,1
46,11/19/2021,9,Conor Prunty,Nollie fs shove to fs nosebluntslide,,,1,,1,,1,ledge,,,,2
46,11/19/2021,8,Rowan Davis,Fs boardslide to transfer,,,1,,1,,,ledge,up ledge,,crazy obstacle,3
46,11/19/2021,7,Jake Keenan,Fs 5-0,,,,,1,,1,ledge,into bank,,,4
46,11/19/2021,6,Charlie Birch,Ollie to fs 5-0,1,,,,,,,ledge,gap to ledge,,,5
46,11/19/2021,5,Max Palmer,Bs nosebluntslide to fakie,1,,1,,,,1,ledge,,,,6
46,11/19/2021,4,Lucas Puig,Switch kickflip to switch bs tailslide,1,1,,,,,,ledge,,,shorts - no shirt,7
46,11/19/2021,3,Martino Cattaneo,Fs 180,,,,,,,,gap,into bank,,crazy obstacle,8
46,11/19/2021,2,Heitor Da Silva,Kickflip to fs noseslide,1,,,,,,,ledge,,,,9
46,11/19/2021,1,Kyle Wilson,Switch heelflip,,1,1,,1,,,gap,,South Bank,,10
47,11/26/2021,10,Rob Gonyon,Bs nosegrind to nollie heelflip,1,,,,,,1,ledge,,Citi Field Benches,,1
47,11/26/2021,9,Josh Wilson,Kickflip,1,,,,,,1,gap,,,quick footed,2
47,11/26/2021,8,Dick Rizzo,Switch polejam,,1,1,,1,,1,flat rail,uprail,,,3
47,11/26/2021,7,Will Marshall,Kickflip to fs noseslide to fakie,,,,,1,,1,ledge,,Flushing Fountain,,4
47,11/26/2021,6,Cuz Panebianco,Ollie to car ride,,,1,, ,1,1,gap,bump to car,,crazy obstacle,5
47,11/26/2021,5,Mark Humienik,Bs noseslide to transfer,,,,,,,,flat rail,rail into bank,,,6
47,11/26/2021,4,Gus Gordon,Bs tailslide,,,,,,,,ledge,into halfpipe,,vert ramp,7
47,11/26/2021,3,Elijah Odom,Fs nosegrind,,,1,,,,,ledge,,Pulaski,,8
47,11/26/2021,2,Grady Smith,360flip,,,,,1,,,gap,over rail into bank,,,9
47,11/26/2021,1,Jordan Trahan,Inward heelflip,1,,,,,,,flat,,,5 trick line,10
48,12/03/2021,10,John Shanahan,Nollie bs bigspin to switch bs 5-0,1,,,,,,1,ledge,,,,1
48,12/03/2021,9,Corey Glick,Fs 50-50 to slappy fs 50-50,,,,,,,,ledge,ledge to ledge,,combo,2
48,12/03/2021,8,Diego Todd,Ollie to bs 50-50,,,,,,,1,curb,gap to curb,,,3
48,12/03/2021,7,Ty'Rae Carter,Boneless,,,,,1,,,gap,over rail into bank,,,4
48,12/03/2021,6,Olli Lilja,Bs 180 to switch bs 5-0,1,,1,,,,,ledge,out ledge,,,5
48,12/03/2021,5,Louie Lopez,wallie to Bs 180,,,,,1,,1,gap,bump to gap,,,6
48,12/03/2021,4,AVE,Wallride bs 360,,,1,,1,,1,wall,quarter to wall,Tompkins TF,,7
48,12/03/2021,3,Yuto Horigome,Switch shove,,1,1,,1,,,gap,street gap,SF Hills,,8
48,12/03/2021,2,Axel Berggren,Nose manual,,,,,,,,pad,,,keyhole,9
48,12/03/2021,1,Na-kel Smith,Kickflip to bs 50-50,,,1,,1,,1,handrail,,Tekashi ten,,10
49,12/10/2021,10,Gauthier Rouger,Switch fs kickflip,,1,1,,1,,,gap,bump to gap,,triple replay,1
49,12/10/2021,9,Reece Knobloch,Bs 360 kickflip,,,1,,1,,,stairs,,,inside,2
49,12/10/2021,8,Bear Myles,Bs crooked to bs 50-50,1,,,,,,,ledge,ledge to ledge,,,3
49,12/10/2021,7,Tremaine Glasgow,Hardflip,,,,,,1,,gap,,,,4
49,12/10/2021,6,Alexander Hatfield,Bs kickflip to switch manual,,,,,1,,,pad,,,,5
49,12/10/2021,5,Alex Tsagka,Bs boardslide to bs boardslide to bs boardslide,,,1,,1,,,flat rail,rail to rail to rail,,,6
49,12/10/2021,4,Mark Suciu,Bs nosebluntslide to nollie fs shove,,,1,,1,,,handrail,,,,7
49,12/10/2021,3,Mason Silva,full cab kickflip,,,1,1,1,,,gap,,,triple replay,8
49,12/10/2021,2,Eetu Toropainen,Bs kickflip,1,,,,,,,gap,flat gap,,,9
49,12/10/2021,1,Chima Ferguson,Kickflip,,,1,,1,,,gap,stairs to street gap,,,10
50,12/17/2021,10,Genesis Evans,Switch impossible,1,1,,,,,1,stairs,,,,1
50,12/17/2021,9,Mitchel Wilson,Ride on back smith,,,,,1,,,flat rail,uprail,,polejam,2
50,12/17/2021,8,Cruz Mendez,Fs 180 to switch fs 5-0 to to switch fs 180,,,,,,,1,flat rail,,,,3
50,12/17/2021,7,Santino Gagliarducci,Heelflip to manual to manual to ollie,,,,,,1,,pad,,,combo,4
50,12/17/2021,6,Aaron Loreth,Nollie fs 360 kickflip,,1,,,1,,,transition,,outdoor park,triple replay,5
50,12/17/2021,5,Nelly Morville,Kickflip,,,,,,1,,flat,into bank,,,6
50,12/17/2021,4,Cyrus Bennett,Ollie to bs 5-0,,,1,,,,1,ledge,over rail to ledge,,,7
50,12/17/2021,3,Karim Callender,fs kickflip,,,1,,,,1,gap,bump to bar,,,8
50,12/17/2021,2,Hugo Boserup,fs lipslide to fs lipslide,,,,,,,,hubba,hubba to curb,,,9
50,12/17/2021,1,Max Palmer,kickflip to bs nosebluntslide firecracker,,,1,,,,1,gap,gap to hubba,Max Palmer park,,10